model,metric,numerator,denominator,value
FP32,prediction_success,850,850,1.0
FP32,step_count_agreement,849,850,0.9988235294117647
FP32,semantic_plan_agreement,821,850,0.9658823529411765
FP32,behavior_sequence_agreement,845,850,0.9941176470588236
FP32,behavior_agreement,927,931,0.9957035445757251
FP32,completion_agreement,929,931,0.9978517722878625
FP32,lane_agreement,929,931,0.9978517722878625
FP32,target_agreement,907,931,0.9742212674543501
FP32,target_id_agreement_when_teacher_present,189,213,0.8873239436619719
FP32,speed_within_0p5_mps_including_missing_as_failure,209,931,0.22448979591836735
FP32,numeric_speed_coverage,370,931,0.39742212674543503
INT8,prediction_success,850,850,1.0
INT8,step_count_agreement,849,850,0.9988235294117647
INT8,semantic_plan_agreement,821,850,0.9658823529411765
INT8,behavior_sequence_agreement,845,850,0.9941176470588236
INT8,behavior_agreement,927,931,0.9957035445757251
INT8,completion_agreement,929,931,0.9978517722878625
INT8,lane_agreement,929,931,0.9978517722878625
INT8,target_agreement,907,931,0.9742212674543501
INT8,target_id_agreement_when_teacher_present,189,213,0.8873239436619719
INT8,speed_within_0p5_mps_including_missing_as_failure,192,931,0.20622986036519872
INT8,numeric_speed_coverage,370,931,0.39742212674543503
