证据集合,模型或条件,指标,分子,分母,比例,适用范围
240已存预测,Teacher,step_count_agreement,240,240,1.0,Teacher计划标签；事后诊断
240已存预测,Teacher,behavior_sequence_agreement,240,240,1.0,Teacher计划标签；事后诊断
240已存预测,Teacher,behavior_agreement,262,262,1.0,Teacher计划标签；事后诊断
240已存预测,Teacher,completion_type_agreement,262,262,1.0,Teacher计划标签；事后诊断
240已存预测,Teacher,target_lane_agreement,262,262,1.0,Teacher计划标签；事后诊断
240已存预测,Teacher,target_id_agreement,262,262,1.0,Teacher计划标签；事后诊断
240已存预测,FP32,step_count_agreement,240,240,1.0,Teacher计划标签；事后诊断
240已存预测,FP32,behavior_sequence_agreement,238,240,0.9916666666666667,Teacher计划标签；事后诊断
240已存预测,FP32,behavior_agreement,260,262,0.9923664122137404,Teacher计划标签；事后诊断
240已存预测,FP32,completion_type_agreement,260,262,0.9923664122137404,Teacher计划标签；事后诊断
240已存预测,FP32,target_lane_agreement,260,262,0.9923664122137404,Teacher计划标签；事后诊断
240已存预测,FP32,target_id_agreement,262,262,1.0,Teacher计划标签；事后诊断
240已存预测,INT8,step_count_agreement,240,240,1.0,Teacher计划标签；事后诊断
240已存预测,INT8,behavior_sequence_agreement,238,240,0.9916666666666667,Teacher计划标签；事后诊断
240已存预测,INT8,behavior_agreement,260,262,0.9923664122137404,Teacher计划标签；事后诊断
240已存预测,INT8,completion_type_agreement,260,262,0.9923664122137404,Teacher计划标签；事后诊断
240已存预测,INT8,target_lane_agreement,260,262,0.9923664122137404,Teacher计划标签；事后诊断
240已存预测,INT8,target_id_agreement,262,262,1.0,Teacher计划标签；事后诊断
250历史TTS音频,local_clean_250_final_20260726,asr_exact_accuracy,239,250,0.956,历史前端实跑；非当前模型ASR衰减
250历史TTS音频,local_clean_250_final_20260726,asr_character_accuracy,1445,1456,0.992445054945055,历史前端实跑；非当前模型ASR衰减
250历史TTS音频,local_clean_250_final_20260726,intent_accuracy,249,250,0.996,历史前端实跑；非当前模型ASR衰减
250历史TTS音频,local_clean_250_final_20260726,slot_accuracy,248,250,0.992,历史前端实跑；非当前模型ASR衰减
250历史TTS音频,local_synthetic_snr10_250_20260726,asr_exact_accuracy,236,250,0.944,历史前端实跑；非当前模型ASR衰减
250历史TTS音频,local_synthetic_snr10_250_20260726,asr_character_accuracy,1441,1456,0.9896978021978022,历史前端实跑；非当前模型ASR衰减
250历史TTS音频,local_synthetic_snr10_250_20260726,intent_accuracy,244,250,0.976,历史前端实跑；非当前模型ASR衰减
250历史TTS音频,local_synthetic_snr10_250_20260726,slot_accuracy,247,250,0.988,历史前端实跑；非当前模型ASR衰减
250历史TTS音频,local_clean_250_cascade_priority_20260726,asr_exact_accuracy,239,250,0.956,历史前端实跑；非当前模型ASR衰减
250历史TTS音频,local_clean_250_cascade_priority_20260726,asr_character_accuracy,1445,1456,0.992445054945055,历史前端实跑；非当前模型ASR衰减
250历史TTS音频,local_clean_250_cascade_priority_20260726,intent_accuracy,249,250,0.996,历史前端实跑；非当前模型ASR衰减
250历史TTS音频,local_clean_250_cascade_priority_20260726,slot_accuracy,248,250,0.992,历史前端实跑；非当前模型ASR衰减
83场闭环,FP32,scenario_task_success,63,83,0.7590361445783133,原聚合记录复核；oracle分母80
83场闭环,FP32,scenario_behavior_oracle_alignment,77,80,0.9625,原聚合记录复核；oracle分母80
83场闭环,FP32,extension_acceptance,70,83,0.8433734939759037,原聚合记录复核；oracle分母80
83场闭环,INT8,scenario_task_success,63,83,0.7590361445783133,原聚合记录复核；oracle分母80
83场闭环,INT8,scenario_behavior_oracle_alignment,77,80,0.9625,原聚合记录复核；oracle分母80
83场闭环,INT8,extension_acceptance,70,83,0.8433734939759037,原聚合记录复核；oracle分母80
850源报告聚合,FP32,step_count_agreement,849,850,0.9988235294117647,来源聚合比例；仅Teacher分母独立复算，非逐例Student复算
850源报告聚合,FP32,behaviour_agreement,927,931,0.9957035445757251,来源聚合比例；仅Teacher分母独立复算，非逐例Student复算
850源报告聚合,FP32,lane_agreement,929,931,0.9978517722878625,来源聚合比例；仅Teacher分母独立复算，非逐例Student复算
850源报告聚合,FP32,completion_agreement,929,931,0.9978517722878625,来源聚合比例；仅Teacher分母独立复算，非逐例Student复算
850源报告聚合,FP32,target_id_agreement,189,213,0.8873239436619719,来源聚合比例；仅Teacher分母独立复算，非逐例Student复算
850源报告聚合,FP32,speed_within_0p5_mps_rate,209,931,0.22448979591836735,来源聚合比例；仅Teacher分母独立复算，非逐例Student复算
850源报告聚合,INT8,step_count_agreement,849,850,0.9988235294117647,来源聚合比例；仅Teacher分母独立复算，非逐例Student复算
850源报告聚合,INT8,behaviour_agreement,927,931,0.9957035445757251,来源聚合比例；仅Teacher分母独立复算，非逐例Student复算
850源报告聚合,INT8,lane_agreement,929,931,0.9978517722878625,来源聚合比例；仅Teacher分母独立复算，非逐例Student复算
850源报告聚合,INT8,completion_agreement,929,931,0.9978517722878625,来源聚合比例；仅Teacher分母独立复算，非逐例Student复算
850源报告聚合,INT8,target_id_agreement,189,213,0.8873239436619719,来源聚合比例；仅Teacher分母独立复算，非逐例Student复算
850源报告聚合,INT8,speed_within_0p5_mps_rate,196,931,0.21052631578947367,来源聚合比例；仅Teacher分母独立复算，非逐例Student复算
